Language,App Store Count,App Store %,Play Store Count,Play Store %
Indonesian,326,38.902147971360385,561,66.94510739856801
English,307,36.63484486873509,12,1.431980906921241
Unclear,202,24.105011933174225,263,31.38424821002387
Mixed,3,0.35799522673031026,2,0.23866348448687352
Total,838,100.0,838,100.0
