Language,App Store Count,App Store %,Play Store Count,Play Store %
Indonesian,326,39.277108433734945,554,69.68553459119497
English,307,36.98795180722891,11,1.3836477987421385
Unclear,194,23.373493975903614,228,28.67924528301887
Mixed,3,0.3614457831325301,2,0.25157232704402516
Total,830,100.0,795,100.0
